{"entities":{"pages":{"getting-started":{"id":"getting-started","title":"Getting started","url":"getting-started.html","level":0,"pages":["about-qodana","pricing","Quick-start","faq","new-in-2023-3","components"],"tabIndex":0},"about-qodana":{"id":"about-qodana","title":"About Qodana","url":"about-qodana.html","level":1,"parentId":"getting-started","tabIndex":0},"pricing":{"id":"pricing","title":"Pricing Model","url":"pricing.html","level":1,"parentId":"getting-started","tabIndex":1},"Quick-start":{"id":"Quick-start","title":"Quick start","url":"quick-start.html","level":1,"parentId":"getting-started","tabIndex":2},"faq":{"id":"faq","title":"Frequently Asked Questions","url":"faq.html","level":1,"parentId":"getting-started","tabIndex":3},"new-in-2023-3":{"id":"new-in-2023-3","title":"New in version 2023.3","url":"new-in-2023-3.html","level":1,"parentId":"getting-started","tabIndex":4},"components":{"id":"components","title":"Components","url":"components.html","level":1,"parentId":"getting-started","pages":["static-analysis","linters","code-inspections","project-token","contributors"],"tabIndex":5},"static-analysis":{"id":"static-analysis","title":"Static analysis","url":"static-analysis.html","level":2,"parentId":"components","tabIndex":0},"linters":{"id":"linters","title":"Linters","url":"linters.html","level":2,"parentId":"components","pages":["qodana-jvm","qodana-jvm-community","qodana-jvm-android","qodana-php","qodana-python","qodana-python-community","qodana-js","qodana-go","qodana-dotnet","qodana-dotnet-community"],"tabIndex":1},"qodana-jvm":{"id":"qodana-jvm","title":"Qodana for JVM","url":"qodana-jvm.html","level":3,"parentId":"linters","tabIndex":0},"qodana-jvm-community":{"id":"qodana-jvm-community","title":"Qodana Community for JVM","url":"qodana-jvm-community.html","level":3,"parentId":"linters","tabIndex":1},"qodana-jvm-android":{"id":"qodana-jvm-android","title":"Qodana Community for Android","url":"qodana-jvm-android.html","level":3,"parentId":"linters","tabIndex":2},"qodana-php":{"id":"qodana-php","title":"Qodana for PHP","url":"qodana-php.html","level":3,"parentId":"linters","tabIndex":3},"qodana-python":{"id":"qodana-python","title":"Qodana for Python","url":"qodana-python.html","level":3,"parentId":"linters","tabIndex":4},"qodana-python-community":{"id":"qodana-python-community","title":"Qodana Community for Python","url":"qodana-python-community.html","level":3,"parentId":"linters","tabIndex":5},"qodana-js":{"id":"qodana-js","title":"Qodana for JS","url":"qodana-js.html","level":3,"parentId":"linters","tabIndex":6},"qodana-go":{"id":"qodana-go","title":"Qodana for Go","url":"qodana-go.html","level":3,"parentId":"linters","tabIndex":7},"qodana-dotnet":{"id":"qodana-dotnet","title":"Qodana for .NET","url":"qodana-dotnet.html","level":3,"parentId":"linters","tabIndex":8},"qodana-dotnet-community":{"id":"qodana-dotnet-community","title":"Qodana Community for .NET","url":"qodana-dotnet-community.html","level":3,"parentId":"linters","tabIndex":9},"code-inspections":{"id":"code-inspections","title":"Code inspections","url":"code-inspections.html","level":2,"parentId":"components","tabIndex":2},"project-token":{"id":"project-token","title":"Project tokens","url":"project-token.html","level":2,"parentId":"components","tabIndex":3},"contributors":{"id":"contributors","title":"Contributor counting","url":"contributors.html","level":2,"parentId":"components","tabIndex":4},"deploy-qodana":{"id":"deploy-qodana","title":"Deployment","url":"deploy-qodana.html","level":0,"pages":["native-mode","docker-images","qodana_gradle_plugin","service"],"tabIndex":1},"native-mode":{"id":"native-mode","title":"Native mode","url":"native-mode.html","level":1,"parentId":"deploy-qodana","tabIndex":0},"docker-images":{"id":"docker-images","title":"Qodana Docker images","url":"docker-images.html","level":1,"parentId":"deploy-qodana","pages":["qodana-jvm-docker-readme","qodana-jvm-community-docker-readme","qodana-jvm-android-docker-readme","qodana-php-docker-readme","qodana-python-docker-readme","qodana-python-community-docker-readme","qodana-js-docker-readme","qodana-go-docker-readme","qodana-dotnet-docker-readme","qodana-cdnet-docker-readme"],"tabIndex":1},"qodana-jvm-docker-readme":{"id":"qodana-jvm-docker-readme","title":"Qodana for JVM","url":"qodana-jvm-docker-readme.html","level":2,"parentId":"docker-images","tabIndex":0},"qodana-jvm-community-docker-readme":{"id":"qodana-jvm-community-docker-readme","title":"Qodana Community for JVM","url":"qodana-jvm-community-docker-readme.html","level":2,"parentId":"docker-images","tabIndex":1},"qodana-jvm-android-docker-readme":{"id":"qodana-jvm-android-docker-readme","title":"Qodana Community for Android","url":"qodana-jvm-android-docker-readme.html","level":2,"parentId":"docker-images","tabIndex":2},"qodana-php-docker-readme":{"id":"qodana-php-docker-readme","title":"Qodana for PHP","url":"qodana-php-docker-readme.html","level":2,"parentId":"docker-images","tabIndex":3},"qodana-python-docker-readme":{"id":"qodana-python-docker-readme","title":"Qodana for Python","url":"qodana-python-docker-readme.html","level":2,"parentId":"docker-images","tabIndex":4},"qodana-python-community-docker-readme":{"id":"qodana-python-community-docker-readme","title":"Qodana Community for Python","url":"qodana-python-community-docker-readme.html","level":2,"parentId":"docker-images","tabIndex":5},"qodana-js-docker-readme":{"id":"qodana-js-docker-readme","title":"Qodana for JS","url":"qodana-js-docker-readme.html","level":2,"parentId":"docker-images","tabIndex":6},"qodana-go-docker-readme":{"id":"qodana-go-docker-readme","title":"Qodana for Go","url":"qodana-go-docker-readme.html","level":2,"parentId":"docker-images","tabIndex":7},"qodana-dotnet-docker-readme":{"id":"qodana-dotnet-docker-readme","title":"Qodana for .NET","url":"qodana-dotnet-docker-readme.html","level":2,"parentId":"docker-images","tabIndex":8},"qodana-cdnet-docker-readme":{"id":"qodana-cdnet-docker-readme","title":"Qodana Community for .NET","url":"qodana-cdnet-docker-readme.html","level":2,"parentId":"docker-images","tabIndex":9},"qodana_gradle_plugin":{"id":"qodana_gradle_plugin","title":"Gradle plugin","url":"qodana-gradle-plugin.html","level":1,"parentId":"deploy-qodana","tabIndex":2},"service":{"id":"service","title":"Qodana as a Service","url":"service.html","level":1,"parentId":"deploy-qodana","tabIndex":3},"aaea9622_15816":{"id":"aaea9622_15816","title":"IDE integration","level":0,"pages":["qodana-ide-plugin","vscode"],"tabIndex":2},"qodana-ide-plugin":{"id":"qodana-ide-plugin","title":"JetBrains IDEs","url":"qodana-ide-plugin.html","level":1,"parentId":"aaea9622_15816","tabIndex":0},"vscode":{"id":"vscode","title":"Visual Studio Code","url":"vscode.html","level":1,"parentId":"aaea9622_15816","tabIndex":1},"configure-qodana":{"id":"configure-qodana","title":"Configuration","url":"configure-qodana.html","level":0,"pages":["qodana-yaml","docker-image-configuration","inspection-profiles","configure-jdk"],"tabIndex":3},"qodana-yaml":{"id":"qodana-yaml","title":"YAML file","url":"qodana-yaml.html","level":1,"parentId":"configure-qodana","tabIndex":0},"docker-image-configuration":{"id":"docker-image-configuration","title":"Shell commands","url":"docker-image-configuration.html","level":1,"parentId":"configure-qodana","tabIndex":1},"inspection-profiles":{"id":"inspection-profiles","title":"Inspection profiles","url":"inspection-profiles.html","level":1,"parentId":"configure-qodana","pages":["custom-profiles","custom-xml-profiles"],"tabIndex":2},"custom-profiles":{"id":"custom-profiles","title":"Custom YAML profiles","url":"custom-profiles.html","level":2,"parentId":"inspection-profiles","tabIndex":0},"custom-xml-profiles":{"id":"custom-xml-profiles","title":"Custom XML profiles","url":"custom-xml-profiles.html","level":2,"parentId":"inspection-profiles","tabIndex":1},"configure-jdk":{"id":"configure-jdk","title":"Configure the JDK","url":"configure-jdk.html","level":1,"parentId":"configure-qodana","tabIndex":3},"inspect-your-code":{"id":"inspect-your-code","title":"Code inspection","url":"inspect-your-code.html","level":0,"pages":["before-running-qodana","monorepo-project","results","inspectopedia"],"tabIndex":4},"before-running-qodana":{"id":"before-running-qodana","title":"Prepare your project","url":"before-running-qodana.html","level":1,"parentId":"inspect-your-code","tabIndex":0},"monorepo-project":{"id":"monorepo-project","title":"Inspect a monorepo project","url":"monorepo-project.html","level":1,"parentId":"inspect-your-code","tabIndex":1},"results":{"id":"results","title":"Inspection results","url":"results.html","level":1,"parentId":"inspect-your-code","pages":["ui-overview","qodana-inspection-output","html-report"],"tabIndex":2},"ui-overview":{"id":"ui-overview","title":"Inspection report","url":"ui-overview.html","level":2,"parentId":"results","tabIndex":0},"qodana-inspection-output":{"id":"qodana-inspection-output","title":"Qodana code inspection output formats","url":"qodana-inspection-output.html","level":2,"parentId":"results","pages":["qodana-sarif-output"],"tabIndex":1},"qodana-sarif-output":{"id":"qodana-sarif-output","title":"SARIF output","url":"qodana-sarif-output.html","level":3,"parentId":"qodana-inspection-output","tabIndex":0},"html-report":{"id":"html-report","title":"Open an HTML report","url":"html-report.html","level":2,"parentId":"results","tabIndex":2},"inspectopedia":{"id":"inspectopedia","title":"Inspectopedia","url":"inspectopedia.html","level":1,"parentId":"inspect-your-code","tabIndex":3},"features":{"id":"features","title":"Features","url":"features.html","level":0,"pages":["baseline","code-coverage","license-audit","php-language-upgrade","quality-gate","quick-fix","taint-analysis","vulnerability-checker"],"tabIndex":5},"baseline":{"id":"baseline","title":"Baseline","url":"baseline.html","level":1,"parentId":"features","tabIndex":0},"code-coverage":{"id":"code-coverage","title":"Code coverage","url":"code-coverage.html","level":1,"parentId":"features","tabIndex":1},"license-audit":{"id":"license-audit","title":"License audit","url":"license-audit.html","level":1,"parentId":"features","tabIndex":2},"php-language-upgrade":{"id":"php-language-upgrade","title":"PHP version migration","url":"php-language-upgrade.html","level":1,"parentId":"features","tabIndex":3},"quality-gate":{"id":"quality-gate","title":"Quality gate","url":"quality-gate.html","level":1,"parentId":"features","tabIndex":4},"quick-fix":{"id":"quick-fix","title":"Quick-fix","url":"quick-fix.html","level":1,"parentId":"features","tabIndex":5},"taint-analysis":{"id":"taint-analysis","title":"Taint analysis","url":"taint-analysis.html","level":1,"parentId":"features","tabIndex":6},"vulnerability-checker":{"id":"vulnerability-checker","title":"Vulnerability checker","url":"vulnerability-checker.html","level":1,"parentId":"features","tabIndex":7},"ci":{"id":"ci","title":"Integration with CI systems","url":"ci.html","level":0,"pages":["qodana-azure-pipelines","bitbucket","circleci","github","gitlab","jenkins","space-automation","teamcity"],"tabIndex":6},"qodana-azure-pipelines":{"id":"qodana-azure-pipelines","title":"Azure Pipelines","url":"qodana-azure-pipelines.html","level":1,"parentId":"ci","tabIndex":0},"bitbucket":{"id":"bitbucket","title":"Bitbucket Cloud","url":"bitbucket.html","level":1,"parentId":"ci","tabIndex":1},"circleci":{"id":"circleci","title":"CircleCI","url":"circleci.html","level":1,"parentId":"ci","tabIndex":2},"github":{"id":"github","title":"GitHub Actions","url":"github.html","level":1,"parentId":"ci","tabIndex":3},"gitlab":{"id":"gitlab","title":"GitLab CI/CD","url":"gitlab.html","level":1,"parentId":"ci","tabIndex":4},"jenkins":{"id":"jenkins","title":"Jenkins","url":"jenkins.html","level":1,"parentId":"ci","tabIndex":5},"space-automation":{"id":"space-automation","title":"Space Automation","url":"space-automation.html","level":1,"parentId":"ci","tabIndex":6},"teamcity":{"id":"teamcity","title":"TeamCity","url":"teamcity.html","level":1,"parentId":"ci","tabIndex":7},"cloud-about":{"id":"cloud-about","title":"Qodana Cloud","url":"cloud-about.html","level":0,"pages":["aaea9622_15854","aaea9622_15859","aaea9622_15869","aaea9622_15871"],"tabIndex":7},"aaea9622_15854":{"id":"aaea9622_15854","title":"Introduction","level":1,"parentId":"cloud-about","pages":["cloud-use-cases","cloud-get-access","cloud-account-types","cloud-user-roles"],"tabIndex":0},"cloud-use-cases":{"id":"cloud-use-cases","title":"Use cases","url":"cloud-use-cases.html","level":2,"parentId":"aaea9622_15854","tabIndex":0},"cloud-get-access":{"id":"cloud-get-access","title":"Get access to Qodana Cloud","url":"cloud-get-access.html","level":2,"parentId":"aaea9622_15854","tabIndex":1},"cloud-account-types":{"id":"cloud-account-types","title":"Types of account","url":"cloud-account-types.html","level":2,"parentId":"aaea9622_15854","tabIndex":2},"cloud-user-roles":{"id":"cloud-user-roles","title":"User roles","url":"cloud-user-roles.html","level":2,"parentId":"aaea9622_15854","tabIndex":3},"aaea9622_15859":{"id":"aaea9622_15859","title":"Running Qodana Cloud","level":1,"parentId":"cloud-about","pages":["cloud-quickstart","cloud-onboarding","cloud-running-introduction","cloud-organizations","cloud-teams","cloud-projects","aaea9622_15866"],"tabIndex":1},"cloud-quickstart":{"id":"cloud-quickstart","title":"Quick start","url":"cloud-quickstart.html","level":2,"parentId":"aaea9622_15859","tabIndex":0},"cloud-onboarding":{"id":"cloud-onboarding","title":"Onboarding","url":"cloud-onboarding.html","level":2,"parentId":"aaea9622_15859","tabIndex":1},"cloud-running-introduction":{"id":"cloud-running-introduction","title":"Qodana Cloud components","url":"cloud-running-introduction.html","level":2,"parentId":"aaea9622_15859","tabIndex":2},"cloud-organizations":{"id":"cloud-organizations","title":"Organizations","url":"cloud-organizations.html","level":2,"parentId":"aaea9622_15859","tabIndex":3},"cloud-teams":{"id":"cloud-teams","title":"Teams","url":"cloud-teams.html","level":2,"parentId":"aaea9622_15859","tabIndex":4},"cloud-projects":{"id":"cloud-projects","title":"Projects","url":"cloud-projects.html","level":2,"parentId":"aaea9622_15859","tabIndex":5},"aaea9622_15866":{"id":"aaea9622_15866","title":"Reports","level":2,"parentId":"aaea9622_15859","pages":["cloud-forward-reports","cloud-overview-reports"],"tabIndex":6},"cloud-forward-reports":{"id":"cloud-forward-reports","title":"Forward reports","url":"cloud-forward-reports.html","level":3,"parentId":"aaea9622_15866","tabIndex":0},"cloud-overview-reports":{"id":"cloud-overview-reports","title":"Report overview","url":"cloud-overview-reports.html","level":3,"parentId":"aaea9622_15866","tabIndex":1},"aaea9622_15869":{"id":"aaea9622_15869","title":"Configuration","level":1,"parentId":"cloud-about","pages":["cloud-profile-settings"],"tabIndex":2},"cloud-profile-settings":{"id":"cloud-profile-settings","title":"Account settings","url":"cloud-profile-settings.html","level":2,"parentId":"aaea9622_15869","tabIndex":0},"aaea9622_15871":{"id":"aaea9622_15871","title":"Tutorials","level":1,"parentId":"cloud-about","pages":["cloud-configure-for-os-projects"],"tabIndex":3},"cloud-configure-for-os-projects":{"id":"cloud-configure-for-os-projects","title":"Inspect open-source projects","url":"cloud-configure-for-os-projects.html","level":2,"parentId":"aaea9622_15871","tabIndex":0},"extending-qodana":{"id":"extending-qodana","title":"Extending Qodana","url":"extending-qodana.html","level":0,"pages":["extending-qodana-plugins","extending-qodana-structural-search"],"tabIndex":8},"extending-qodana-plugins":{"id":"extending-qodana-plugins","title":"Plugins","url":"extending-qodana-plugins.html","level":1,"parentId":"extending-qodana","tabIndex":0},"extending-qodana-structural-search":{"id":"extending-qodana-structural-search","title":"Structural search","url":"extending-qodana-structural-search.html","level":1,"parentId":"extending-qodana","tabIndex":1},"troubleshooting":{"id":"troubleshooting","title":"Troubleshooting","url":"troubleshooting.html","level":0,"tabIndex":9},"aaea9622_15877":{"id":"aaea9622_15877","title":"Inspectopedia","url":"https://www.jetbrains.com/help/inspectopedia/WhatIsNewInspections.html","level":0,"tabIndex":10}}},"topLevelIds":["getting-started","deploy-qodana","aaea9622_15816","configure-qodana","inspect-your-code","features","ci","cloud-about","extending-qodana","troubleshooting","aaea9622_15877"]}