{"title":"Discover Qodana","subtitle":"These topics will help you get started with Qodana.","tips":[{"title":"About Qodana","description":"Qodana is a code quality platform that brings into your CI/CD pipelines all the smart features you love in the JetBrains IDEs as well as project-level checks.","url":"about-qodana.html","type":"install"},{"title":"Quick start","description":"Learn how to get started with Qodana in a few simple steps.","url":"quick-start.html","type":"start"}],"main":{"title":"Deploy, configure, and launch Qodana","data":[{"title":"Qodana Docker images","description":"Learn how to deploy Qodana locally using Docker images.","url":"docker-images.html"},{"title":"JetBrains IDEs","description":"You can view Qodana reports in JetBrains IDEs.","url":"qodana-ide-plugin.html"},{"title":"Integration with CI systems","description":"Our documentation provides several how-tos for integration with the most                            popular CI/CD systems.","url":"ci.html"},{"title":"Configure Qodana","description":"Explore how to configure Qodana using various options.","url":"configure-qodana.html"},{"title":"Inspect your code","description":"Learn how you can start inspecting your code and obtain code inspection results.","url":"inspect-your-code.html"}]},"highlighted":{"title":"Qodana features","data":[{"title":"Baseline","description":"Track your project changes through studying new, unchanged, and resolved problems.","url":"baseline.html"},{"title":"Code coverage","description":"Inspect the quality of code coverage.","url":"code-coverage.html"},{"title":"License audit","description":"Check license compatibility between your software license and dependency licenses.","url":"license-audit.html"},{"title":"PHP version migration","description":"See how updating PHP will affect your codebase quality.","url":"php-language-upgrade.html"},{"title":"Quality gate","description":"Restrict the quantity of problems that can be accepted by your favorite CI/CD system.","url":"quality-gate.html"},{"title":"Quick-fix","description":"Use the quick-fix feature to improve the performance of the project development","url":"quick-fix.html"},{"title":"SARIF output","description":"Qodana linters can read and write reports in SARIF format, which is the industry                            standard for the output of static analysis tools.","url":"qodana-sarif-output.html"},{"title":"Taint analysis","description":"Secure your PHP code from malicious user data.","url":"taint-analysis.html"},{"title":"Vulnerability checker","description":"Check third-party packages for vulnerabilities.","url":"vulnerability-checker.html"}]},"prevNextLinks":{"nextPageUrl":"about-qodana.html","nextPageTitle":"About Qodana"}}